{
	"partitions" : [
		{
			"name" : "Top",
			"pins" : [
				{
					"name" : "z",
					"strict" : false
				},
				{
					"name" : "state[0]",
					"strict" : false
				},
				{
					"name" : "state[1]",
					"strict" : false
				},
				{
					"name" : "state[2]",
					"strict" : false
				},
				{
					"name" : "state[3]",
					"strict" : false
				},
				{
					"name" : "state[4]",
					"strict" : false
				},
				{
					"name" : "w",
					"strict" : false
				},
				{
					"name" : "rst",
					"strict" : false
				},
				{
					"name" : "clk",
					"strict" : false
				}
			]
		}
	]
}